id_producto,producto,categoria
1,vote,Tecnología
2,detail,Tecnología
3,less,Ropa
4,mouth,Hogar
5,material,Hogar
6,ready,Hogar
7,activity,Tecnología
8,poor,Deportes
9,glass,Tecnología
10,teach,Deportes
11,source,Alimentos
12,factor,Tecnología
13,matter,Tecnología
14,through,Tecnología
15,keep,Hogar
16,west,Hogar
17,movement,Deportes
18,million,Deportes
19,house,Tecnología
20,yard,Deportes
21,growth,Hogar
22,room,Deportes
23,yourself,Alimentos
24,message,Hogar
25,arrive,Alimentos
26,help,Deportes
27,require,Ropa
28,nation,Tecnología
29,stage,Hogar
30,on,Alimentos
31,tree,Ropa
32,among,Ropa
33,person,Hogar
34,grow,Hogar
35,strong,Ropa
36,task,Tecnología
37,control,Tecnología
38,create,Alimentos
39,cell,Tecnología
40,season,Ropa
41,true,Ropa
42,unit,Deportes
43,knowledge,Ropa
44,only,Tecnología
45,deal,Alimentos
46,air,Deportes
47,start,Tecnología
48,deal,Alimentos
49,over,Tecnología
50,product,Deportes
51,believe,Ropa
52,news,Deportes
53,girl,Ropa
54,should,Deportes
55,language,Hogar
56,morning,Tecnología
57,its,Tecnología
58,culture,Hogar
59,growth,Ropa
60,road,Tecnología
61,have,Hogar
62,with,Tecnología
63,feeling,Alimentos
64,game,Ropa
65,baby,Alimentos
66,test,Ropa
67,material,Hogar
68,do,Ropa
69,value,Ropa
70,avoid,Hogar
71,response,Ropa
72,save,Tecnología
73,lay,Deportes
74,Republican,Hogar
75,air,Deportes
76,church,Hogar
77,space,Hogar
78,inside,Alimentos
79,still,Alimentos
80,only,Ropa
81,piece,Deportes
82,include,Hogar
83,yet,Ropa
84,save,Tecnología
85,agreement,Hogar
86,perhaps,Tecnología
87,near,Ropa
88,course,Alimentos
89,tend,Ropa
90,apply,Tecnología
91,debate,Hogar
92,future,Deportes
93,she,Ropa
94,nor,Hogar
95,young,Alimentos
96,act,Alimentos
97,kind,Alimentos
98,feel,Hogar
99,also,Ropa
100,miss,Hogar
101,animal,Hogar
102,sign,Deportes
103,agency,Deportes
104,image,Ropa
105,smile,Deportes
106,kitchen,Alimentos
107,we,Deportes
108,practice,Alimentos
109,sit,Ropa
110,start,Hogar
111,account,Hogar
112,stock,Deportes
113,senior,Alimentos
114,little,Tecnología
115,couple,Tecnología
116,million,Tecnología
117,later,Hogar
118,risk,Hogar
119,song,Alimentos
120,individual,Deportes
121,everybody,Tecnología
122,treat,Alimentos
123,chair,Alimentos
124,society,Deportes
125,art,Alimentos
126,approach,Deportes
127,ten,Ropa
128,television,Deportes
129,store,Tecnología
130,east,Tecnología
131,newspaper,Deportes
132,their,Ropa
133,eight,Ropa
134,recently,Tecnología
135,seek,Ropa
136,study,Alimentos
137,federal,Hogar
138,face,Alimentos
139,quickly,Tecnología
140,knowledge,Ropa
141,subject,Deportes
142,city,Hogar
143,low,Deportes
144,side,Tecnología
145,green,Ropa
146,describe,Deportes
147,outside,Deportes
148,red,Hogar
149,way,Hogar
150,policy,Ropa
151,lawyer,Hogar
152,budget,Deportes
153,worker,Deportes
154,travel,Tecnología
155,adult,Deportes
156,matter,Ropa
157,voice,Alimentos
158,condition,Tecnología
159,within,Tecnología
160,chair,Ropa
161,focus,Ropa
162,successful,Hogar
163,none,Tecnología
164,middle,Hogar
165,sport,Deportes
166,great,Tecnología
167,line,Tecnología
168,participant,Alimentos
169,whom,Tecnología
170,establish,Deportes
171,still,Hogar
172,move,Hogar
173,pay,Alimentos
174,different,Deportes
175,sure,Hogar
176,guy,Ropa
177,school,Deportes
178,maybe,Deportes
179,really,Alimentos
180,increase,Hogar
181,project,Deportes
182,day,Hogar
183,somebody,Ropa
184,leader,Alimentos
185,foreign,Ropa
186,become,Alimentos
187,seek,Deportes
188,better,Alimentos
189,head,Tecnología
190,help,Hogar
191,more,Hogar
192,general,Tecnología
193,financial,Ropa
194,growth,Tecnología
195,conference,Deportes
196,program,Deportes
197,or,Hogar
198,despite,Deportes
199,chair,Hogar
200,look,Tecnología
201,perhaps,Tecnología
202,bag,Tecnología
203,opportunity,Hogar
204,adult,Tecnología
205,sure,Tecnología
206,relationship,Ropa
207,beat,Tecnología
208,follow,Deportes
209,whom,Hogar
210,training,Ropa
211,join,Alimentos
212,suffer,Hogar
213,do,Deportes
214,until,Hogar
215,food,Deportes
216,brother,Deportes
217,season,Alimentos
218,interview,Hogar
219,hot,Alimentos
220,here,Alimentos
221,ask,Hogar
222,ten,Tecnología
223,worker,Tecnología
224,defense,Alimentos
225,produce,Ropa
226,offer,Alimentos
227,more,Alimentos
228,social,Alimentos
229,animal,Tecnología
230,whom,Tecnología
231,admit,Tecnología
232,my,Alimentos
233,thus,Ropa
234,drive,Tecnología
235,she,Hogar
236,bar,Hogar
237,party,Hogar
238,beat,Deportes
239,determine,Alimentos
240,nearly,Hogar
241,usually,Alimentos
242,interest,Hogar
243,Mrs,Ropa
244,friend,Alimentos
245,look,Hogar
246,probably,Tecnología
247,executive,Alimentos
248,check,Deportes
249,certain,Tecnología
250,traditional,Tecnología
251,keep,Deportes
252,for,Tecnología
253,into,Tecnología
254,staff,Hogar
255,enough,Hogar
256,state,Alimentos
257,human,Alimentos
258,she,Alimentos
259,card,Hogar
260,even,Alimentos
261,purpose,Tecnología
262,need,Hogar
263,put,Alimentos
264,conference,Tecnología
265,cold,Alimentos
266,fish,Ropa
267,toward,Alimentos
268,own,Ropa
269,college,Alimentos
270,western,Deportes
271,both,Alimentos
272,far,Hogar
273,method,Hogar
274,project,Ropa
275,able,Hogar
276,arrive,Tecnología
277,very,Deportes
278,fear,Deportes
279,old,Tecnología
280,as,Ropa
281,performance,Tecnología
282,establish,Tecnología
283,which,Deportes
284,by,Alimentos
285,will,Deportes
286,phone,Deportes
287,door,Hogar
288,then,Tecnología
289,service,Deportes
290,six,Tecnología
291,glass,Hogar
292,nearly,Tecnología
293,ready,Deportes
294,stop,Tecnología
295,surface,Hogar
296,hospital,Alimentos
297,network,Tecnología
298,become,Deportes
299,fear,Hogar
300,discover,Deportes
301,campaign,Deportes
302,national,Tecnología
303,military,Deportes
304,safe,Tecnología
305,official,Alimentos
306,choose,Deportes
307,hundred,Deportes
308,along,Deportes
309,black,Ropa
310,system,Ropa
311,ok,Hogar
312,PM,Ropa
313,evidence,Hogar
314,fast,Ropa
315,understand,Alimentos
316,cause,Hogar
317,both,Ropa
318,total,Alimentos
319,wonder,Ropa
320,all,Tecnología
321,become,Tecnología
322,first,Alimentos
323,put,Deportes
324,analysis,Deportes
325,computer,Tecnología
326,set,Tecnología
327,machine,Deportes
328,scene,Hogar
329,bank,Deportes
330,interest,Ropa
331,table,Hogar
332,better,Ropa
333,meeting,Tecnología
334,quality,Hogar
335,model,Ropa
336,win,Ropa
337,realize,Hogar
338,simple,Alimentos
339,into,Deportes
340,against,Ropa
341,free,Deportes
342,say,Deportes
343,hand,Tecnología
344,hope,Deportes
345,behind,Ropa
346,generation,Tecnología
347,heart,Hogar
348,force,Ropa
349,cold,Tecnología
350,candidate,Tecnología
351,when,Deportes
352,you,Hogar
353,specific,Ropa
354,record,Ropa
355,kitchen,Deportes
356,science,Hogar
357,difficult,Ropa
358,bank,Hogar
359,author,Ropa
360,truth,Deportes
361,agreement,Alimentos
362,player,Ropa
363,eat,Tecnología
364,program,Tecnología
365,stop,Alimentos
366,again,Ropa
367,office,Tecnología
368,bad,Tecnología
369,our,Ropa
370,reason,Hogar
371,ten,Ropa
372,positive,Hogar
373,boy,Alimentos
374,also,Deportes
375,use,Alimentos
376,person,Deportes
377,these,Tecnología
378,maybe,Tecnología
379,free,Tecnología
380,stock,Hogar
381,across,Deportes
382,add,Tecnología
383,table,Ropa
384,new,Deportes
385,exactly,Deportes
386,security,Hogar
387,us,Alimentos
388,just,Hogar
389,want,Tecnología
390,role,Ropa
391,force,Ropa
392,high,Tecnología
393,manager,Ropa
394,center,Hogar
395,last,Hogar
396,form,Tecnología
397,push,Ropa
398,clearly,Deportes
399,special,Alimentos
400,wait,Deportes
401,them,Hogar
402,various,Hogar
403,but,Hogar
404,loss,Hogar
405,job,Alimentos
406,wish,Tecnología
407,tell,Hogar
408,factor,Ropa
409,occur,Alimentos
410,pattern,Hogar
411,walk,Ropa
412,house,Hogar
413,save,Tecnología
414,key,Alimentos
415,support,Tecnología
416,commercial,Alimentos
417,song,Hogar
418,notice,Hogar
419,check,Alimentos
420,anyone,Ropa
421,respond,Ropa
422,ever,Hogar
423,party,Hogar
424,experience,Tecnología
425,thousand,Hogar
426,south,Alimentos
427,could,Ropa
428,explain,Ropa
429,we,Tecnología
430,minute,Ropa
431,cup,Ropa
432,opportunity,Deportes
433,but,Alimentos
434,billion,Deportes
435,whether,Ropa
436,group,Tecnología
437,maintain,Tecnología
438,stop,Ropa
439,why,Hogar
440,long,Deportes
441,culture,Ropa
442,back,Tecnología
443,see,Tecnología
444,two,Deportes
445,imagine,Alimentos
446,inside,Ropa
447,forward,Ropa
448,expert,Alimentos
449,appear,Deportes
450,soon,Deportes
451,send,Tecnología
452,suddenly,Alimentos
453,draw,Deportes
454,six,Hogar
455,crime,Ropa
456,across,Tecnología
457,wind,Alimentos
458,drive,Tecnología
459,every,Deportes
460,eat,Deportes
461,federal,Hogar
462,thus,Ropa
463,career,Alimentos
464,allow,Tecnología
465,day,Ropa
466,beyond,Deportes
467,item,Ropa
468,morning,Tecnología
469,indicate,Ropa
470,possible,Deportes
471,although,Ropa
472,talk,Alimentos
473,must,Ropa
474,stay,Alimentos
475,painting,Ropa
476,million,Deportes
477,chair,Hogar
478,value,Hogar
479,choice,Alimentos
480,eat,Alimentos
481,about,Hogar
482,must,Deportes
483,share,Deportes
484,without,Ropa
485,move,Alimentos
486,probably,Deportes
487,radio,Tecnología
488,born,Ropa
489,add,Ropa
490,pick,Hogar
491,address,Alimentos
492,order,Deportes
493,American,Deportes
494,someone,Ropa
495,cold,Alimentos
496,seem,Alimentos
497,call,Alimentos
498,much,Hogar
499,art,Deportes
500,production,Alimentos
